,city,Latitude,Longitude,Temperature,Humidity,Cloud,Wind
0,mataura,-46.19,168.86,73.74,53,56,18.92
1,tasiilaq,65.61,-37.64,14,40,56,5.82
2,yellowknife,62.45,-114.38,-16.61,68,20,8.05
3,tuatapere,-46.13,167.69,66.14,75,80,16.24
4,airai,-8.93,125.41,75.63,86,0,2.04
5,chifeng,42.27,118.96,6.47,59,56,4.27
6,butaritari,3.07,172.79,85.98,95,64,17.25
7,kapaa,22.08,-159.32,75.2,73,75,18.34
8,albany,42.65,-73.75,28.4,39,75,3.36
9,nanortalik,60.14,-45.24,26.49,100,44,50.47
10,kahului,20.89,-156.47,78.8,69,40,11.41
11,rikitea,-23.12,-134.97,80.13,100,76,34.92
12,rudiskes,54.52,24.83,35.6,100,90,1.12
13,bredasdorp,-34.53,20.04,69.8,77,56,9.17
14,victoria,5.28,115.24,77,94,75,1.12
15,port alfred,-33.59,26.89,67.53,97,0,2.26
16,gisborne,-38.66,178.02,75.99,63,0,7.63
17,vaini,15.34,74.49,51.69,83,0,1.7
19,hambantota,6.12,81.12,76.76,100,0,4.16
20,longyearbyen,78.22,15.63,-5.81,63,75,10.29
21,bathsheba,13.22,-59.52,77,65,20,18.34
22,ribeira grande,38.52,-28.7,58.4,100,24,11.65
24,lompoc,34.64,-120.46,55.4,66,90,21.92
25,grindavik,63.84,-22.43,32,86,20,25.28
26,dingle,11,122.67,75.99,75,8,12.55
27,barrow,-38.31,-60.23,82.97,32,0,12.1
29,margate,-43.03,147.26,66.2,68,75,12.75
30,port elizabeth,39.31,-74.98,37.4,74,90,6.93
31,coquimbo,-29.95,-71.34,66.2,72,0,5.82
32,sibolga,1.74,98.78,68.79,100,48,2.59
33,novyy urgal,51.07,132.56,-0.06,52,0,4.61
34,hobart,-42.88,147.33,66.2,68,75,12.75
36,east london,-33.02,27.91,71.99,100,12,1.7
37,san patricio,-26.98,-56.83,79.28,65,0,4.16
39,lebu,8.96,38.73,57.2,71,20,6.93
40,ilulissat,69.22,-51.1,-7.61,57,0,2.24
41,kavieng,-2.57,150.8,83.73,100,64,13.44
42,aklavik,68.22,-135.01,14,56,20,4.7
43,mitsamiouli,-11.38,43.28,82.25,98,92,9.19
44,busselton,-33.64,115.35,63.89,100,0,18.81
45,punta arenas,-53.16,-70.91,46.4,70,90,13.87
46,plettenberg bay,-34.05,23.37,65.64,100,8,8.75
47,azogues,-2.74,-78.85,69.8,46,40,4.7
48,magadan,59.56,150.8,2.46,100,44,9.19
49,ponta delgada,37.73,-25.67,50,66,20,8.05
50,kruisfontein,-34,24.73,60.83,90,12,3.38
52,medicine hat,50.04,-110.68,1.4,77,90,10.29
53,carnarvon,-30.97,22.13,66.86,34,0,10.98
54,ceres,-29.88,-61.95,81.21,52,0,7.29
55,bluff,-23.58,149.07,84.32,47,0,4.83
56,icatu,-2.77,-44.05,77,94,75,10.29
58,saldanha,41.42,-6.55,43.01,87,92,2.93
59,camacha,33.08,-16.33,60.8,67,40,18.34
60,kaitangata,-46.28,169.85,68.34,53,0,5.5
61,avarua,-21.21,-159.78,84.2,74,32,9.17
62,cockburn town,21.46,-71.14,78.29,99,0,13.33
64,ushuaia,-54.81,-68.31,44.6,65,90,17.22
66,otane,-39.89,176.62,74.28,45,0,6.4
67,villa guerrero,21.98,-103.59,74.46,26,0,3.49
68,puerto ayora,-0.74,-90.35,82.4,69,20,6.93
69,paamiut,61.99,-49.67,30.18,96,88,24.4
70,constitucion,23.99,-104.67,75.2,25,5,19.46
71,chokurdakh,70.62,147.9,-34.49,63,20,5.95
72,vila franca do campo,37.72,-25.43,50,66,20,8.05
73,bose,45.46,8.01,44.6,74,0,2.24
74,upernavik,72.79,-56.15,-2.9,100,56,4.05
75,kodiak,39.95,-94.76,26.6,68,90,16.11
76,colesberg,-30.72,25.1,59.3,59,0,6.62
77,west wendover,40.74,-114.07,32,88,90,6.29
78,naze,5.43,7.07,76.94,71,0,7.63
79,maragogi,-9.01,-35.22,78.51,94,20,7.85
80,dillon,45.22,-112.64,8.6,65,90,18.34
81,cape town,-33.93,18.42,71.6,73,0,11.41
82,verkhnevilyuysk,63.45,120.31,0.48,72,68,6.73
83,atuona,-9.8,-139.03,80.18,100,88,8.75
84,mikuni,36.22,136.15,37.4,86,75,5.82
85,ancud,-41.87,-73.83,66.2,52,90,8.05
86,hermanus,-34.42,19.24,59.57,93,0,4.38
87,pevek,69.7,170.27,-7.4,91,64,13.89
88,mabaruma,8.2,-59.78,78.83,77,76,8.52
89,lahaina,20.87,-156.68,78.8,69,40,11.41
90,sept-iles,50.2,-66.38,5,50,20,9.17
91,hokitika,-42.72,170.96,61.41,97,20,5.73
92,bien unido,10.14,124.38,75.2,83,90,6.93
94,kieta,-6.22,155.63,80.76,99,48,4.27
95,barranca,-10.75,-77.76,73.79,98,20,6.85
96,manacapuru,-3.3,-60.62,82.4,74,20,6.51
97,tuktoyaktuk,69.44,-133.03,-2.21,77,20,5.82
98,esperance,10.24,-61.45,80.6,69,20,20.8
99,pisco,-13.71,-76.2,71.6,30,0,17.22
100,valdivia,-39.81,-73.25,66.2,68,0,11.41
101,la ronge,55.1,-105.3,-9.41,69,20,4.7
102,bilibino,68.06,166.44,-21.08,58,64,3.15
103,khani,41.96,42.96,41,93,90,3.36
104,manokwari,-0.87,134.08,79.14,100,56,6.85
105,sao felix do xingu,-6.64,-51.99,76.26,94,80,2.15
106,juan lacaze,-34.43,-57.44,78.38,61,20,4.83
107,kijang,35.24,129.21,33.8,37,0,6.93
108,auki,12.18,6.51,64.07,35,0,8.63
109,atambua,-9.11,124.89,80.45,100,8,4.38
110,bandarbeyla,9.49,50.81,74.51,100,0,5.95
111,souillac,45.6,-0.6,48.2,70,0,4.7
112,vangaindrano,-23.35,47.6,72.71,91,56,3.38
113,muravlenko,63.79,74.5,1.38,69,76,5.17
114,muros,42.77,-9.06,46.4,100,75,3.36
115,agadez,16.97,7.99,57.14,31,8,10.42
116,fairbanks,64.84,-147.72,21.2,79,90,5.82
117,hilo,19.71,-155.08,77,61,90,11.41
118,nikolskoye,59.7,30.79,26.6,63,0,11.18
119,torbay,47.66,-52.73,30.2,80,75,14.99
120,bima,-8.45,118.73,79.68,92,8,2.59
121,santiago del estero,-27.8,-64.26,80.31,64,8,7.29
122,new norfolk,-42.78,147.06,66.2,68,75,12.75
124,bafoulabe,13.81,-10.83,74.73,47,8,4.5
125,neryungri,56.66,124.71,10.25,71,68,5.28
126,thompson,55.74,-97.86,-4.01,64,75,4.7
127,severo-kurilsk,50.68,156.12,22.67,100,48,6.17
128,pyaozerskiy,65.83,31.17,14.61,66,12,6.62
129,thessalon,46.26,-83.55,19.4,56,75,3.94
130,hithadhoo,-0.6,73.08,80.31,100,88,2.71
131,fare,-16.7,-151.02,79.23,100,76,17.25
132,sisimiut,66.94,-53.67,-20,56,8,3.6
133,bethel,60.79,-161.76,26.6,100,90,21.92
134,jamestown,-33.21,138.6,79.19,44,20,6.62
135,northam,51.04,-4.21,50,87,20,12.75
136,ukiah,39.15,-123.21,51.8,43,75,9.17
137,saint-joseph,43.56,6.97,46.4,93,0,3.36
138,pochutla,15.74,-96.47,87.8,69,20,20.8
140,cherskiy,68.75,161.3,-19.77,85,76,5.5
141,sur,22.57,59.53,70.86,100,0,4.05
142,takaungu,-3.68,39.86,74.19,96,68,3.6
143,mar del plata,-46.43,-67.52,76.94,28,8,24.74
144,coihueco,-36.63,-71.83,73.4,60,64,6.93
145,arraial do cabo,-22.97,-42.02,81.53,80,32,6.17
146,baykit,61.68,96.39,11.33,84,76,4.38
147,waingapu,-9.65,120.26,78.33,94,12,4.05
148,vestmannaeyjar,63.44,-20.27,33.96,100,0,22.73
149,ilyich,44.09,41.37,23.66,80,0,4.5
150,henderson,36.04,-114.98,51.8,39,75,16.11
151,saskylakh,71.97,114.09,-15.23,45,0,7.18
152,vanavara,60.35,102.28,5.93,79,36,5.06
153,riyadh,24.63,46.72,51.8,40,0,5.82
154,katsuura,33.93,134.5,33.8,86,40,8.05
155,yar-sale,66.83,70.83,-2.09,82,68,9.98
156,inhambane,-23.87,35.38,74.6,100,92,20.04
157,okahandja,-21.98,16.91,73.4,23,68,4.7
158,iqaluit,63.75,-68.52,-27.41,74,5,23.04
159,port lincoln,-34.72,135.86,66.36,90,24,15.23
160,meulaboh,4.14,96.13,77.66,100,32,3.15
161,pacific grove,36.62,-121.92,53.6,54,20,19.46
162,mocajuba,-2.58,-49.5,75.95,93,68,2.48
163,mount gambier,-37.83,140.78,60.8,72,90,5.82
164,san quintin,17.54,120.52,70.01,89,44,3.83
165,castro,-42.48,-73.76,66.2,52,90,8.05
166,tianpeng,28.88,112.34,34.1,100,100,10.09
167,baishishan,43.58,127.55,12.99,62,0,4.16
168,narrabri,-30.33,149.78,80.6,42,0,14.99
169,saint-philippe,45.36,-73.48,14,66,20,3.36
170,lukulu,-14.38,23.24,68.48,66,8,3.15
171,whitehorse,60.72,-135.06,8.6,60,75,17.22
172,finschhafen,-6.6,147.85,82.38,77,8,2.71
173,ulladulla,-35.36,150.48,75.2,57,0,5.82
174,egvekinot,66.32,-179.17,19.11,90,56,3.38
175,ugoofaaru,5.67,73,81.17,100,0,7.29
177,bambous virieux,-20.34,57.76,78.8,94,75,6.93
178,ostrovnoy,68.05,39.51,19.74,86,76,21.72
180,dwarka,28.58,77.04,59,87,75,4.7
181,sao filipe,14.9,-24.5,69.92,100,24,16.69
182,rio gallegos,-51.62,-69.22,46.4,87,90,10.29
183,ruidoso,33.33,-105.67,53.6,10,1,20.8
184,ponta do sol,-20.63,-46,67.71,94,92,3.83
185,preobrazheniye,42.9,133.91,22.26,54,0,2.26
186,winchester,51.06,-1.31,48.2,93,40,6.93
187,los llanos de aridane,28.66,-17.92,62.6,67,0,1.12
188,coihaique,-45.58,-72.07,62.6,55,75,9.17
189,chegdomyn,51.13,133.04,1.43,56,0,3.6
190,burnie,-41.05,145.91,62.99,100,0,19.71
192,sainte-thecle,46.82,-72.5,6.8,77,90,2.24
193,haysville,37.56,-97.35,35.6,58,1,13.87
194,kitaibaraki,36.84,140.74,32,100,75,3.36
195,bumba,2.18,22.47,75.5,80,64,2.04
196,kishtwar,33.31,75.77,21.95,84,92,1.14
198,sabratah,32.79,12.49,56.19,100,64,15.46
199,cedar rapids,41.98,-91.67,26.6,86,90,4.7
200,kencong,-7.78,112.24,72.84,96,32,3.94
201,avera,33.19,-82.53,51.8,100,90,6.93
202,geraldton,49.72,-86.95,5,50,75,6.93
203,mackay,53.65,-115.58,5,65,75,10.29
204,mahebourg,-20.41,57.7,78.8,94,75,6.93
205,tecoanapa,16.99,-99.26,82.4,65,5,9.17
206,sabang,13.72,123.58,77.21,87,76,9.75
207,ulagan,50.63,87.96,-15.09,52,20,2.15
208,khatanga,71.98,102.47,-11.72,56,8,8.75
209,bilma,18.69,12.92,48.05,64,0,2.59
210,cidreira,-30.17,-50.22,73.25,78,92,11.32
211,wuxue,29.85,115.56,37.16,100,92,4.38
212,brae,60.4,-1.35,46.4,81,0,13.87
213,alibag,18.64,72.88,71.6,73,0,10.87
214,maralal,1.1,36.7,47.28,89,0,2.15
215,gao,16.28,-0.04,64.25,33,68,6.51
216,markova,52.21,104.21,-0.41,77,0,6.71
217,kholodnyy,62.72,147.95,-25.67,34,48,2.59
218,changying,52.87,123.32,15.33,70,36,6.17
219,colotlan,22.1,-103.27,74.15,25,0,8.63
220,shush,55.6,89.45,20.96,81,20,9.19
221,padang,-0.92,100.36,75.2,94,75,2.24
222,provideniya,64.42,-173.23,26.6,79,75,2.24
223,porteirinha,-15.74,-43.03,71,100,92,8.41
224,ambon,47.55,-2.56,48.2,100,90,4.7
225,husavik,50.56,-96.99,-1.64,70,0,10.87
226,quartucciu,39.25,9.18,51.8,75,0,3.36
227,qaanaaq,77.48,-69.36,-19.01,100,0,12.1
229,gat,14.69,-16.54,64.4,82,56,19.46
230,namibe,-15.19,12.15,73.29,100,0,9.64
231,waipawa,-39.94,176.59,72.71,47,0,16.35
232,guerrero negro,27.97,-114.04,60.51,68,8,18.25
233,fortuna,38.18,-1.13,55.4,81,20,8.05
234,sao jose da coroa grande,-8.9,-35.15,78.51,94,20,7.85
235,veraval,49.65,0.71,51.8,61,0,5.82
236,vaitape,-16.52,-151.75,78.83,100,88,13.89
237,ishigaki,24.34,124.16,69.8,88,75,20.8
238,vallenar,-28.58,-70.76,65.73,79,0,2.15
239,anan,33.91,134.64,33.8,86,40,8.05
240,kununurra,-15.77,128.74,78.8,83,32,4.7
241,blackfoot,43.19,-112.35,30.2,68,1,13.87
242,haverfordwest,51.8,-4.97,48.2,87,76,21.92
243,kasongo-lunda,-6.48,16.82,70.91,95,68,2.15
244,umm lajj,25.02,37.27,55.88,100,0,10.65
246,rawson,-43.3,-65.11,87.47,16,0,17.13
247,hasaki,35.73,140.83,30.2,80,20,2.24
248,siuna,13.73,-84.78,78.69,77,24,2.71
249,moron,10.49,-68.2,76.58,63,32,4.72
250,kyabe,9.45,18.94,67.71,55,0,3.49
251,quzhou,28.97,118.86,36.53,100,92,3.6
252,garden city,40.73,-73.63,35.6,83,75,5.82
253,caucaia,-3.73,-38.66,82.4,83,40,8.05
254,port blair,11.67,92.75,82.43,100,0,5.17
255,saint-pierre,48.95,4.24,42.8,56,0,8.05
256,paciran,-6.9,112.33,74.15,97,36,4.5
257,nioro,13.79,-15.05,78.83,27,80,10.42
258,clyde river,70.47,-68.59,-9.41,83,90,24.16
259,tiksi,71.64,128.87,-5.51,69,44,13.44
260,vokhtoga,58.81,41.03,24.11,79,56,28.32
261,karia,11.73,11.16,62.99,34,0,7.74
262,general roca,-39.03,-67.58,95,34,40,4.7
263,shubarkuduk,49.15,56.49,26.99,92,88,15.57
264,mercedes,-33.25,-58.03,80.09,57,8,10.65
266,puerto escondido,15.86,-97.07,82.4,69,20,20.8
267,manicore,-5.81,-61.3,81.84,73,32,3.94
268,nkhotakota,-12.93,34.3,73.56,96,36,2.37
269,seoul,37.57,126.98,23,92,1,2.24
271,labuhan,-2.54,115.51,71.94,98,92,3.04
272,sibu,2.29,111.83,75.2,94,75,3.38
274,virginia beach,36.85,-75.98,44.6,93,75,3.36
275,lyngdal,58.14,7.07,41,100,76,2.24
276,port hardy,50.7,-127.42,39.2,69,20,5.82
277,sangar,63.92,127.47,-29.18,46,0,3.38
278,uva,56.98,52.19,26.13,94,92,3.38
280,kaeo,-35.1,173.78,77.88,51,0,8.3
281,sankheda,22.21,73.58,54.62,70,0,2.82
282,necochea,-38.55,-58.74,80.94,46,0,11.88
283,lazurne,46.77,34.99,34.82,93,24,11.54
284,windhoek,-22.57,17.08,73.4,23,0,4.7
285,abu kamal,34.45,40.92,33.69,75,12,4.72
286,deputatskiy,69.3,139.9,-45.65,0,0,2.71
287,santa maria,-29.69,-53.81,78.8,69,20,6.93
288,skara,58.38,13.44,41,100,12,10.29
289,cam ranh,11.92,109.15,75.2,94,20,1.48
290,port shepstone,-30.74,30.45,70.82,94,0,15.23
291,southbridge,42.08,-72.03,35.6,39,1,2.48
292,piacabucu,-10.41,-36.43,79.01,90,8,10.42
293,mbaiki,3.87,17.99,73.88,90,12,1.81
294,yulara,-25.24,130.99,82.4,12,0,8.05
295,maceio,-9.67,-35.74,78.8,88,20,3.36
296,hovd,63.83,10.7,42.8,60,0,12.75
297,klaksvik,62.23,-6.59,42.8,93,92,8.05
298,baldwin,40.34,-79.98,33.8,92,90,6.93
299,palmer,-34.85,139.16,66.2,68,75,14.99
300,xuddur,4.12,43.89,70.14,48,8,8.75
301,kupang,-10.16,123.6,77,88,40,5.17
304,beyneu,45.32,55.19,29.42,94,76,12.77
305,chumphon,10.5,99.18,67.4,91,0,1.7
306,heze,35.25,115.45,29.87,62,92,5.28
307,adrar,27.87,-0.29,59,18,0,9.17
308,antofagasta,-23.65,-70.4,68,72,40,11.41
309,faanui,-16.48,-151.75,77.3,100,92,17.81
310,kodinsk,58.6,99.18,16.46,84,80,5.73
311,olavarria,-36.89,-60.32,80.04,52,0,11.43
312,augusto correa,-1.02,-46.63,77.39,94,56,3.71
313,revda,67.94,34.55,14.75,69,8,12.21
314,dikson,73.51,80.55,-2.31,95,64,13.11
315,kilindoni,-7.91,39.67,82.56,100,100,10.98
316,georgetown,6.8,-58.16,80.6,74,40,9.17
317,biak,-0.91,122.88,80.81,93,24,3.49
318,mogadishu,2.04,45.34,79.1,100,0,16.91
319,kangaatsiaq,68.31,-53.46,0.84,100,0,9.19
320,dudinka,69.41,86.18,-6.41,72,76,14.67
321,caravelas,-17.73,-39.27,83.91,98,44,18.25
322,nouadhibou,20.93,-17.03,62.6,67,0,18.34
323,beringovskiy,63.05,179.32,28.34,85,36,12.77
324,bundaberg,-24.87,152.35,78.8,61,0,10.29
325,half moon bay,37.46,-122.43,55.4,54,40,24.16
326,nizhniy tsasuchey,50.52,115.13,-1.01,52,0,3.49
327,chicama,-7.84,-79.15,77,83,75,9.17
328,rantauprapat,2.1,99.83,70.14,95,20,2.15
329,awbari,26.59,12.77,37.11,62,0,5.95
331,saurimo,-9.66,20.4,67.49,95,64,6.29
332,galle,29.74,-97.91,66.2,48,1,14.99
333,sorland,67.67,12.69,38.33,100,80,18.14
334,mayo,63.59,-135.9,-2.21,70,90,3.36
335,loiza,18.43,-65.88,78.8,78,20,14.99
336,touros,-5.2,-35.46,82.4,88,40,3.36
337,huicheng,23.03,116.29,59,77,75,4.47
338,chuy,-33.69,-53.46,72.39,82,0,12.55
340,gaogou,31.12,117.94,37.56,97,92,8.19
341,evanton,57.66,-4.34,46.4,75,20,17.22
342,alugan,12.22,125.48,74.46,100,100,9.98
344,jalalabad,34.43,70.46,48.2,81,90,3.36
345,villa de san antonio,14.32,-87.61,89.6,44,20,11.41
346,ozernovskiy,51.5,156.52,19.43,96,32,3.71
347,jumla,29.28,82.18,16.91,83,88,1.48
348,tocopilla,-22.09,-70.2,66.77,83,0,4.38
349,luangwa,-15.62,30.4,74.78,87,36,0.69
350,tabou,4.42,-7.36,82.43,100,20,5.61
351,gunnedah,-30.98,150.25,80.6,42,0,1.12
352,muscatine,41.42,-91.04,30.2,86,90,4.7
353,eau claire,44.81,-91.5,24.8,49,90,8.05
354,sao joao da barra,-21.64,-41.05,80.6,83,75,3.36
355,svetlogorsk,53.14,59.15,23,85,90,13.42
356,omsukchan,62.53,155.8,-20.22,79,48,3.27
357,rosarito,4.91,-75.23,82.4,94,75,2.24
358,antalaha,-14.9,50.28,78.51,88,88,0.81
359,lavrentiya,65.58,-170.99,25.37,97,76,4.61
360,marawi,8,124.29,70.19,86,0,2.71
361,vao,59.1,26.19,19.38,82,20,3.6
362,narsaq,60.91,-46.05,30.2,39,88,35.57
363,ondjiva,-17.07,15.73,73.97,31,44,10.65
364,tommot,58.97,126.27,5.75,76,64,2.48
365,dongsheng,29.72,112.52,32.3,100,100,8.41
366,tutoia,-2.76,-42.27,78.8,74,40,6.17
367,mezen,65.85,44.24,18.98,68,0,11.99
368,pindwara,24.79,73.05,50.48,69,48,2.59
369,qaqortoq,60.72,-46.03,30.2,39,88,35.57
370,zhirnov,48.17,41.12,33.47,92,92,16.69
372,zurrieq,35.83,14.47,46.4,81,0,4.7
373,luderitz,-26.65,15.16,62.63,73,0,15.23
374,batsfjord,70.63,29.72,21.2,78,40,14.99
375,nampula,-15.12,39.26,78.8,88,40,6.93
376,saint-georges,46.12,-70.67,7.59,66,0,3.71
377,ketchikan,55.34,-131.65,33.8,37,1,16.11
378,kedougou,12.56,-12.19,74.15,60,0,2.71
379,vardo,39.62,-77.74,35.6,69,75,8.05
380,vestmanna,62.16,-7.17,42.8,93,92,8.05
381,codrington,-28.95,153.24,77,64,40,3.49
382,ayr,55.46,-4.63,48.2,81,40,18.34
383,haftoni,38.76,48.76,33.8,95,40,2.82
384,quatre cocos,-20.21,57.76,78.8,94,75,6.93
387,tsabong,-26.02,22.4,69.11,30,0,6.62
388,maura,29.68,79.39,45.84,88,24,1.92
390,ouadda,8.07,22.4,70.28,35,0,9.75
393,shaunavon,49.65,-108.41,2.15,80,64,9.98
395,carballo,43.21,-8.69,46.4,100,40,1.12
396,pontevedra,42.43,-8.64,46.4,93,40,10.29
397,dutse,11.76,9.34,62,41,0,5.06
398,katy,29.79,-95.82,62.6,58,1,18.34
400,naifaru,5.44,73.37,81.17,100,0,7.29
401,san rafael del sur,11.85,-86.44,93.2,46,20,4.7
402,englehart,47.82,-79.87,6.8,71,1,3.36
403,turukhansk,65.8,87.96,3.09,64,68,8.97
404,tevaitoa,-16.78,-151.5,79.23,100,76,17.25
405,balkanabat,39.51,54.36,34.19,99,80,3.6
406,termiz,37.23,67.28,41,93,75,4.7
407,north bend,43.41,-124.22,46.4,70,40,10.29
408,kadaya,50.93,119.29,-5.96,53,0,3.04
409,prince rupert,54.32,-130.32,35.6,37,1,8.05
410,yichang,30.77,111.32,29.91,93,88,3.6
411,alofi,-19.06,-169.92,86,70,0,5.82
412,najran,17.54,44.22,62.6,48,5,4.7
413,sitka,37.17,-99.65,33.33,59,0,11.43
415,parauna,-3.82,122.09,72.48,95,44,2.26
416,ranot,7.78,100.32,75.23,87,8,3.15
417,haveli,33.47,72.12,48.63,100,92,1.92
418,weligama,5.97,80.42,75.18,100,20,3.27
419,praia,-20.25,-43.81,69.8,88,90,3.36
420,guadix,37.3,-3.14,42.8,87,0,1.12
421,puerto quijarro,-19,-57.72,87.8,51,0,5.82
422,norman wells,65.28,-126.83,-4.01,70,75,5.82
423,flinders,-34.58,150.85,75.2,57,0,5.82
424,macaubas,-13.02,-42.7,67.67,97,56,2.82
425,xapuri,-10.65,-68.5,80.6,78,90,3.49
426,molodizhne,45.01,34.06,35.13,94,0,7.4
429,kawalu,-7.38,108.21,67.53,95,48,2.26
430,kushima,31.5,131.29,39.2,80,40,10.29
431,aksu,52.04,76.93,19.4,85,90,8.95
432,taltal,-25.41,-70.49,65.73,70,0,2.48
433,lata,30.78,78.62,36.03,100,92,1.14
434,quang ngai,15.12,108.8,67.22,97,8,1.92
436,lazaro cardenas,28.39,-105.62,75.2,6,40,29.97
437,anderson,34.51,-82.65,41,93,90,9.17
438,kingisepp,59.38,28.61,21.99,73,8,5.95
439,san carlos del zulia,9,-71.91,89.09,54,8,4.61
442,shirokiy,53.87,39.17,27.26,89,68,23.96
443,klyuchi,52.25,79.17,23.16,86,68,14.67
444,lewistown,40.39,-90.15,32,92,90,3.36
445,samarai,-10.62,150.67,83.87,96,36,24.07
446,itarema,-2.92,-39.92,77.88,95,12,4.72
447,rio grande,-32.03,-52.1,77,73,40,11.41
448,iskateley,67.68,53.15,13.89,90,76,23.4
449,poum,41.28,20.71,16.55,73,0,1.92
452,santa cruz del sur,20.71,-78,80.58,63,12,4.38
453,roald,62.58,6.12,53.6,50,36,17.22
454,calabozo,8.92,-67.43,90.03,35,0,14.45
455,pangnirtung,66.15,-65.72,-11.67,75,56,6.4
456,jingcheng,24.58,117.5,59,82,90,6.71
458,sechura,-5.56,-80.82,78.56,80,36,8.97
460,altamont,49.4,-98.5,5,71,64,10.29
463,kovdor,67.56,30.47,13.98,84,0,3.94
464,saint anthony,43.97,-111.68,28.4,63,20,3.36
466,olean,42.08,-78.43,26.6,79,90,12.75
468,piopio,-42.79,-73.57,66.2,68,12,6.93
469,banyo,6.75,11.81,63.35,54,0,4.16
470,formosa,-26.19,-58.17,86,62,20,10.29
471,nianzishan,47.51,122.88,11.96,55,0,5.39
472,saint-francois,46.42,3.91,42.8,60,0,2.24
473,ust-kut,56.78,105.75,16.86,85,76,2.48
474,nemuro,43.32,145.57,29.73,100,0,18.7
475,kirkenaer,60.46,12.06,33.8,92,90,8.05
476,igarka,67.47,86.57,-1.55,69,48,8.97
477,matagami,9.67,8.4,62.76,47,0,6.06
478,xining,36.62,101.77,-1.41,67,56,2.48
479,jacareacanga,-6.22,-57.76,79.23,89,76,1.59
480,assiniboia,49.63,-105.99,4.58,82,88,4.38
481,yumen,40.29,97.04,5.3,70,0,4.94
482,hamilton,32.3,-64.78,68,88,20,9.17
483,anadyr,64.73,177.51,24.8,85,75,8.95
486,haverhill,52.08,0.44,48.2,93,90,9.17
487,manado,1.49,124.85,73.4,100,20,0.81
488,port jervis,41.38,-74.69,35.6,47,90,5.82
489,iguape,-24.7,-47.56,76.85,100,88,5.17
490,rabo de peixe,37.8,-25.58,50,66,20,8.05
491,huarmey,-10.07,-78.15,73.83,74,12,3.83
492,manaure,11.78,-72.45,82.4,78,12,18.34
493,buin,-33.73,-70.74,78.8,36,0,8.05
495,buala,-8.15,159.59,86.21,76,68,18.03
496,rock sound,24.9,-76.2,78.24,98,0,7.63
497,ogembo,-0.8,34.73,57.77,96,0,2.26
498,alice springs,-23.7,133.88,80.6,10,0,4.5
501,bayir,37.27,28.22,41,93,0,3.36
502,frantiskovy lazne,50.12,12.35,33.8,100,1,2.37
503,humaita,-24.93,-65.37,82.4,60,20,4.7
504,rivers,50.03,-100.23,3.2,71,90,11.41
505,blagaj,43.26,17.89,33.8,74,0,1.12
507,bonthe,7.53,-12.5,79.64,90,36,3.83
508,tura,25.52,90.21,60.24,69,92,4.38
509,cabo san lucas,22.89,-109.91,75.2,68,5,8.05
510,diego de almagro,-26.39,-70.05,69.65,52,0,2.71
511,grand gaube,-20.01,57.66,78.8,94,75,6.93
512,goure,13.98,10.27,63.48,29,0,9.98
513,talnakh,69.49,88.39,-2.81,72,80,12.21
514,nanma,35.7,113.14,18.98,85,88,2.71
515,veshenskaya,49.63,41.73,30.99,93,88,18.7
516,horn,48.66,15.66,39.2,80,0,1.12
517,maniitsoq,65.42,-52.9,6.47,86,56,7.52
518,haldia,22.03,88.06,57.41,74,0,3.38
519,saint george,39.45,22.34,39.2,86,0,3.15
520,gazojak,41.19,61.4,21.54,86,20,2.93
521,oruro,-17.97,-67.11,48.32,100,24,4.94
522,chikola,43.2,43.92,41,65,20,2.24
523,ampanihy,-24.69,44.75,71,93,36,9.42
524,asosa,10.07,34.53,62.94,36,0,5.61
525,katobu,-4.94,122.53,83.87,89,92,3.15
526,eregli,37.51,34.05,22.53,73,8,1.92
527,belmonte,40.36,-7.35,47.19,89,92,7.07
528,batticaloa,7.71,81.69,75.68,100,20,4.38
529,sarh,9.14,18.39,80.6,21,0,4.7
530,llata,-9.55,-76.82,48.09,98,92,2.15
531,pangkalanbuun,-2.68,111.62,72.93,99,76,4.16
532,benghazi,32.12,20.07,57.54,100,8,12.21
533,palauig,15.44,119.9,74.01,94,24,5.61
534,comodoro rivadavia,-45.87,-67.48,87.8,22,0,12.75
535,fuerte olimpo,-21.04,-57.87,72.39,95,44,2.37
536,yantongshan,43.28,126.02,15.24,63,0,8.52
537,corinto,-18.36,-44.46,70.68,97,92,2.93
538,yeppoon,-23.13,150.74,82.4,51,20,9.17
539,hami,42.84,93.51,7.46,50,0,6.73
540,gondanglegi,-7.75,112.01,72.84,96,32,3.94
541,vikhorevka,56.12,101.17,12.2,85,12,2.24
542,kavaratti,10.57,72.64,80.58,100,8,9.19
543,irbeyskoye,55.64,95.45,0.35,51,0,2.82
545,hofn,64.25,-15.21,38.15,100,76,28.88
546,pervomayskiy,53.24,40.29,27.98,89,80,23.85
547,kommunar,59.62,30.39,26.6,63,0,11.18
548,lorengau,-2.02,147.27,85.26,89,20,16.69
550,namatanai,-3.66,152.44,81.08,100,64,13.67
551,ahipara,-35.17,173.16,77.03,64,0,2.04
552,diapaga,12.07,1.79,66.14,41,0,6.62
553,yerky,49.93,33.53,30.59,90,0,13.78
554,conguaco,14.05,-90.03,80.36,55,0,3.04
555,inuvik,68.36,-133.71,14,56,20,4.7
556,chapais,49.78,-74.86,1.4,70,90,5.82
557,baikunthpur,23.26,82.56,42.83,82,0,2.71
558,gravelbourg,49.88,-106.56,4.76,81,88,4.94
559,igurubi,-4,33.71,64.7,99,92,3.71
561,broken hill,-31.97,141.45,86,30,0,9.17
562,havre,48.55,-109.68,1.4,70,20,11.41
565,chisec,15.81,-90.29,87.56,38,0,2.71
566,elk river,45.3,-93.57,24.8,57,1,6.93
567,pitea,65.32,21.48,17.6,92,48,4.7
568,kosh-agach,49.99,88.66,-19.41,43,20,2.71
570,miraflores,5.2,-73.14,58.71,78,36,2.37
571,saint-paul,45.22,1.9,42.8,56,0,9.17
572,bonito,-1.36,-47.3,77.34,92,68,6.29
573,khryashchevka,53.81,49.09,28.4,92,68,6.71
575,roanoke,37.27,-79.94,37.4,93,90,8.05
576,zyryanka,65.73,150.89,-27.87,44,56,2.93
577,qobustan,40.08,49.41,41,93,75,6.93
578,dukat,42.44,22.31,20.19,71,0,1.7
579,valle hermoso,25.67,-97.82,73.4,88,90,16.11
580,mount isa,-20.73,139.49,87.8,45,0,13.87
581,shingu,33.72,135.99,39.2,55,40,4.7
582,salalah,17.01,54.1,77,73,75,4.7
583,methala,10.22,76.22,75.2,88,20,3.71
584,bata,1.87,9.77,78.8,94,20,5.61
586,muriwai beach,-36.82,174.45,69.8,77,8,6.93
587,poykovskiy,61.23,73.33,1.4,84,90,2.24
588,lasa,34.92,32.53,48.2,87,40,8.05
589,dongzhen,43.33,129.73,22.08,51,0,4.61
591,birjand,32.86,59.22,33.8,86,20,4.7
592,winona,43.21,-79.65,23,85,90,24.16
593,sobolevo,54.43,31.9,23.79,85,0,13.78
594,itoman,26.12,127.67,66.2,77,90,9.17
595,ojinaga,29.56,-104.41,69.8,15,1,5.82
596,acapulco,16.86,-99.88,82.4,65,5,9.17
597,khandwa,21.82,76.36,51.47,75,0,2.48
598,vila velha,-3.71,-38.6,82.4,83,40,8.05
599,yerbogachen,61.28,108.01,5.34,81,8,3.6
600,dharmavaram,14.41,77.72,63.89,55,0,6.06
601,kutum,14.2,24.66,46.52,49,0,8.3
602,lufilufi,-13.87,-171.6,87.8,62,40,3.36
604,bowen,-20.01,148.25,77,83,0,4.7
605,daru,7.99,-10.85,80.76,69,20,12.21
606,birin,35.01,36.67,40.85,93,68,4.72
607,puerto del rosario,28.5,-13.86,64.4,55,0,9.17
608,abu samrah,35.3,37.18,39.63,95,8,6.4
609,bow island,49.87,-111.38,1.4,77,90,10.29
610,mata,22.63,-79.93,84.2,51,40,6.93
611,qandala,11.47,49.87,57.68,100,12,1.48
612,hwange,-18.35,26.5,66.81,95,12,9.98
613,cardedeu,41.64,2.36,44.6,100,0,4.7
614,port hedland,-20.31,118.58,86,84,40,9.17
615,tanout,14.97,8.88,56.28,41,0,6.85
616,abnub,27.27,31.15,50,53,0,4.7
617,ranau,5.95,116.67,78.8,78,75,4.7
